operation,time_seconds
single_neuron_step,1.0596479999367147e-05
population_100_step,0.0004696963000460528
network_construction,0.011119819997111336
