neurons,time_s,memory_mb,total_spikes,spike_rate_hz,throughput,steps
100,0.027457700052764267,1.1640625,25,1.25,910.4914086743823,200
500,0.3598904999671504,4.87890625,33,0.33,91.69455710281913,200
1000,0.6121233000303619,3.2265625,12,0.12,19.603893528321482,100
5000,6.996648500033189,19.71484375,8,0.032,1.1434045886344086,50
