operation,time_seconds
single_neuron_step,2.443294000113383e-05
population_100_step,0.0004701020000502467
network_construction,0.08865201000007801
