neurons,time_s,memory_mb,total_spikes,spike_rate_hz,throughput,steps
100,0.05607270007021725,0.19921875,173,8.65,3085.280355384351,200
500,0.511916899937205,0.23046875,254,2.54,496.17428147255396,200
1000,1.2086757000070065,0.50390625,576,5.76,476.5546291669974,100
5000,12.228745299973525,10.10546875,1107,4.428,90.52441381720466,50
