neurons,time_s,memory_mb,total_spikes,spike_rate_hz,throughput,steps
100,0.05820980004500598,0.1953125,142,7.1,2439.4517742752955,200
500,0.5631520999595523,0.2109375,441,4.41,783.0921700046475,200
1000,1.07132270000875,0.43359375,208,2.08,194.15251818924511,100
5000,10.771127800107934,9.8515625,154,0.616,14.297481457647994,50
