neurons,time_s,memory_mb,total_spikes,spike_rate_hz,throughput,steps
2000,2.1590106999501586,6.2109375,356,3.56,164.89033611932464,50
10000,31.18359489995055,49.96484375,5787,19.29,185.57834715872278,30
