neurons,time_s,memory_mb,total_spikes,spike_rate_hz,throughput,steps
100,0.05636869999580085,1.21484375,9,0.45,159.66307544205293,200
500,0.6382579000201076,5.046875,8,0.08,12.534118261204394,200
1000,1.2554925000295043,4.58203125,3,0.03,2.3895005345945908,100
5000,11.967561300029047,19.3125,0,0.0,0.0,50
