neurons,time_s,memory_mb,total_spikes,spike_rate_hz,throughput,steps
2000,2.2084712999640033,6.3671875,376,3.76,170.25351427755868,50
10000,15.035738600068726,31.32421875,2207,7.356666666666667,146.7836106162362,30
