neurons,time_s,memory_mb,total_spikes,spike_rate_hz,throughput,steps
100,0.0533294000197202,0.19140625,162,8.1,3037.724031024078,200
500,0.4932224000804126,0.17578125,381,3.81,772.4709987581334,200
1000,1.141103900037706,0.52734375,520,5.2,455.6990822508077,100
5000,12.341496600070968,10.1796875,949,3.796,76.89505015093087,50
