neurons,time_s,memory_mb,total_spikes,spike_rate_hz,throughput,steps
100,0.059292700025253,0.1953125,188,9.4,3170.7107269517164,200
500,0.562721399939619,0.21875,680,6.8,1208.413257560429,200
1000,1.177461100043729,0.51953125,699,6.99,593.6501851093342,100
5000,11.004805800039321,9.9140625,166,0.664,15.08431888906271,50
