neurons,time_s,memory_mb,total_spikes,spike_rate_hz,throughput,steps
100,0.053498600027523935,0.140625,181,9.05,3383.266102419114,200
500,0.5205900000873953,0.1640625,347,3.47,666.5514127081706,200
1000,1.1108634000411257,0.5078125,1047,10.47,942.5101231719747,100
5000,12.019936199998483,8.671875,1786,7.144,148.5864791861562,50
