neurons,time_s,memory_mb,total_spikes,spike_rate_hz,throughput,steps
100,0.0454469999531284,0.125,67,3.35,1474.2447261447446,200
500,0.4728033000137657,0.203125,625,6.25,1321.902787019048,200
1000,1.0565424000378698,0.47265625,429,4.29,406.0414423355118,100
5000,11.164121999987401,8.3671875,895,3.58,80.16752235428903,50
