neurons,time_s,memory_mb,total_spikes,spike_rate_hz,throughput,steps
100,0.05537990003358573,0.19140625,184,9.2,3322.505094599507,200
500,0.45702860003802925,0.2265625,598,5.98,1308.4520311206795,200
1000,1.0097026000730693,0.51171875,386,3.86,382.29078539766687,100
5000,10.373522900044918,9.890625,233,0.932,22.461029126276003,50
