{
  "self_symbol": "\u03bf\u25cb\u25cb\u25cb20",
  "symbol_vocabulary": [
    "\u03b1\u25c6\u25cb\u25c746",
    "\u03b1\u25c7\u25cb\u25cb31",
    "\u03bf\u25cb\u25cb\u25cb20",
    "\u03b3\u25c7\u25cb\u25cb30",
    "\u03c9\u25cb\u25cb\u25cb31",
    "\u03c9\u25cb\u25cb\u25c733",
    "\u03b3\u25c7\u25cb\u25c738",
    "\u03bf\u25c7\u25cb\u25c747",
    "\u03bf\u25cb\u25cb\u25c721",
    "\u03bf\u25cb\u25cb\u25c723",
    "\u03c9\u25cb\u25cb\u25cb25",
    "\u03bd\u25cb\u25cb\u25cb15",
    "\u03b3\u25c7\u25c7\u25cb35",
    "\u03b9\u25cb\u25cb\u25c729",
    "\u03b3\u25cb\u25c7\u25cb19",
    "\u03b2\u25cb\u25cb\u25cb22",
    "\u03b1\u25c6\u25cb\u25c755",
    "\u03b3\u25cb\u25cb\u25cb11",
    "\u03b1\u25c7\u25cb\u25cb25",
    "\u03b3\u25cb\u25c7\u25cb25",
    "\u03b3\u25cb\u25cb\u25cb18",
    "\u03bf\u25cb\u25c7\u25cb31",
    "\u03bf\u25cb\u25cb\u25c736",
    "\u03b1\u25c7\u25cb\u25cb28",
    "\u03c9\u25cb\u25cb\u25cb21",
    "\u03bf\u25cb\u25cb\u25cb29",
    "\u03bf\u25c7\u25cb\u25c734",
    "\u03bf\u25c7\u25cb\u25cb43",
    "\u03b3\u25c7\u25cb\u25cb25",
    "\u03bf\u25cb\u25cb\u25cb30"
  ],
  "stability_scores": {
    "\u03b1\u25c6\u25cb\u25c746": 0.6768847710224669,
    "\u03b1\u25c7\u25cb\u25cb31": 0.7162913008199252,
    "\u03bf\u25cb\u25cb\u25cb20": 0.8616365794399599,
    "\u03b3\u25c7\u25cb\u25cb30": 0.8521413112977803,
    "\u03c9\u25cb\u25cb\u25cb31": 0.49437096016794746,
    "\u03c9\u25cb\u25cb\u25c733": 0.45656783287134445,
    "\u03b3\u25c7\u25cb\u25c738": 0.8111759309935063,
    "\u03bf\u25c7\u25cb\u25c747": 0.5982062856645843,
    "\u03bf\u25cb\u25cb\u25c721": 0.6872207022298606,
    "\u03bf\u25cb\u25cb\u25c723": 0.7040119835843527,
    "\u03c9\u25cb\u25cb\u25cb25": 0.6058496552392442,
    "\u03bd\u25cb\u25cb\u25cb15": 0.38912869725786653,
    "\u03b3\u25c7\u25c7\u25cb35": 0.7434217835977496,
    "\u03b9\u25cb\u25cb\u25c729": 0.5289565415653418,
    "\u03b3\u25cb\u25c7\u25cb19": 0.7855612201585092,
    "\u03b2\u25cb\u25cb\u25cb22": 0.5389915242480166,
    "\u03b1\u25c6\u25cb\u25c755": 0.7864297902314978,
    "\u03b3\u25cb\u25cb\u25cb11": 0.6759380863954949,
    "\u03b1\u25c7\u25cb\u25cb25": 0.7813873436697517,
    "\u03b3\u25cb\u25c7\u25cb25": 0.7307437616419568,
    "\u03b3\u25cb\u25cb\u25cb18": 0.7421606516046243,
    "\u03bf\u25cb\u25c7\u25cb31": 0.7571746642272907,
    "\u03bf\u25cb\u25cb\u25c736": 0.8122417513203178,
    "\u03b1\u25c7\u25cb\u25cb28": 0.6076562975927954,
    "\u03c9\u25cb\u25cb\u25cb21": 0.7238548714936056,
    "\u03bf\u25cb\u25cb\u25cb29": 0.8105951799759308,
    "\u03bf\u25c7\u25cb\u25c734": 0.8331538636301824,
    "\u03bf\u25c7\u25cb\u25cb43": 0.8253435072694427,
    "\u03b3\u25c7\u25cb\u25cb25": 0.5703204728948171,
    "\u03bf\u25cb\u25cb\u25cb30": 0.8571147291828416
  },
  "self_analysis": {
    "symbol": "\u03bf\u25cb\u25cb\u25cb20",
    "stability": 0.8616365794399599,
    "active_neurons": [
      2,
      13,
      14,
      23
    ],
    "max_activation": 0.2918401680252339,
    "sparsity": 0.16666666666666666,
    "concept_similarities": {
      "cat": 0.1460541683359284,
      "dog": 0.3663768862054753,
      "car": 0.3869912242353633,
      "hello": 0.5316218763995852
    },
    "dominant_concept": "hello"
  },
  "timestamp": 1755018836.144402
}